ilosc_zadan;czas
CarlierResolver(<class 'libs.rpq_resolver.SchrageN2Resolver'>, CarlierStrategy.BFS)
10;0.345
11;0.756
12;0.298
13;0.484
14;0.496
15;0.467
16;0.5599999999999999
17;0.503
18;0.443
19;0.867
20;0.763
21;0.737
22;0.733
23;0.794
24;0.8260000000000001
25;0.8809999999999999
26;1.105
27;1.617
28;1.0250000000000001
29;0.8450000000000001
30;1.155
31;1.0250000000000001
32;1.256
33;1.2349999999999999
34;3.525
35;1.16
36;1.7229999999999999
37;1.171
38;1.1800000000000002
39;1.13
40;1.36
41;1.3940000000000001
42;1.663
43;2.333
44;1.469
45;1.6
46;2.321
47;4.081
48;1.677
49;3.474
50;1.748
51;4.08
52;2.211
53;4.253
54;2.539
55;2.8609999999999998
56;5.266
57;2.003
58;3.179
59;3.736
60;5.352
61;2.7430000000000003
62;6.5009999999999994
63;2.906
64;2.8649999999999998
65;3.604
66;4.542
67;2.9949999999999997
68;3.5460000000000003
69;2.834
70;4.717
71;2.921
72;4.398
73;3.78
74;3.952
75;3.377
76;4.372
77;4.797
78;5.548
79;4.061
80;6.341
81;5.065
82;5.717
83;6.869
84;3.898
85;5.0569999999999995
86;4.630999999999999
87;4.047000000000001
88;6.704
89;4.4079999999999995
90;6.725
91;7.609
92;5.4190000000000005
93;5.537
94;7.649
95;5.527
96;6.442
97;8.005
98;5.21
99;6.035
100;5.2
101;5.388999999999999
102;6.665
103;9.863999999999999
104;7.4190000000000005
105;6.061000000000001
106;5.835
107;6.275
108;9.594999999999999
109;32.22
110;10.796
111;11.269
112;8.145
113;12.344000000000001
114;7.234
115;9.272
116;9.341999999999999
117;9.395999999999999
118;7.590000000000001
119;6.835
120;11.337
121;8.46
122;8.543000000000001
123;7.407
124;11.275
125;7.541
126;8.056000000000001
127;11.171999999999999
128;10.397
129;9.126000000000001
130;12.919
131;12.44
132;13.383000000000001
133;10.177999999999999
134;12.167000000000002
135;12.616
136;12.074
137;11.857
138;15.808
139;11.982
140;13.51
141;11.334
142;11.239
143;14.515
144;9.826
145;13.459999999999999
146;11.317
147;11.023
148;10.985
149;10.389000000000001
150;15.688
151;11.237
152;11.303
153;11.754999999999999
154;13.494000000000002
155;15.523
156;14.054
157;16.784
158;16.712
159;11.713
160;12.235
161;11.987
162;18.712
163;12.591
164;12.059000000000001
165;15.845
166;15.897000000000002
167;50.14
168;15.141
169;18.442
170;14.85
171;20.761000000000003
172;15.553
173;16.122999999999998
174;15.28
175;16.605
176;20.387
177;18.058999999999997
178;19.305
179;17.883
180;17.701
181;20.77
182;22.317
183;27.402
184;24.361
185;19.253
186;23.238000000000003
187;23.258000000000003
188;19.900000000000002
189;22.994
190;23.759
191;23.227
192;18.32
193;20.149
194;21.853
195;20.882
196;19.206999999999997
197;21.035
198;18.511
199;17.916999999999998
200;22.604
201;25.769000000000002
202;21.555999999999997
203;24.207
204;25.275
205;23.048
206;25.653
207;27.421999999999997
208;27.452
209;24.711000000000002
210;22.138
211;22.476
212;22.865
213;22.316
214;34.264
215;26.246
216;27.07
217;24.95
218;34.937999999999995
219;28.223000000000003
220;24.508
221;25.7
222;24.006
223;25.696
224;25.523
225;27.512999999999998
226;33.227
227;31.148
228;32.242
229;28.34
230;28.145
231;32.707
232;24.919
233;26.217000000000002
234;31.134999999999998
235;33.414
236;36.085
237;32.649
238;24.660999999999998
239;28.612
240;34.183
241;34.742000000000004
242;25.915
243;27.479
244;26.214000000000002
245;27.505000000000003
246;35.812
247;26.621
248;31.77
249;28.444
250;28.891
251;31.807000000000002
252;35.871
253;30.04
254;32.358
255;37.611
256;38.712999999999994
257;42.892
258;39.513
259;32.083
260;29.017999999999997
261;32.233
262;33.116
263;35.589000000000006
264;32.546
265;35.738
266;29.924
267;47.849000000000004
268;34.365
269;31.897000000000002
270;40.506
271;40.842999999999996
272;37.28
273;41.995999999999995
274;39.778
275;33.408
276;36.439
277;33.069
278;31.867
279;41.471000000000004
280;48.19
281;49.632999999999996
282;46.394
283;34.434
284;44.55
285;34.123
286;34.04
287;50.01499999999999
288;40.702000000000005
289;43.385
290;45.414
291;41.52
292;37.034
293;47.227
294;52.711
295;42.366
296;47.745999999999995
297;45.68
298;39.984
299;45.397
300;42.31
301;43.205
302;47.385999999999996
303;44.922
304;48.758
305;51.027
306;50.126999999999995
307;51.261
308;47.481
309;43.005
310;61.164
311;45.064
312;49.958000000000006
313;53.931
314;52.394000000000005
315;48.098
316;56.366
317;43.509
318;40.848
319;51.552
320;53.220000000000006
321;52.201
322;42.29900000000001
323;55.495999999999995
324;54.766000000000005
325;42.542
326;43.263999999999996
327;59.75599999999999
328;51.473
329;43.812999999999995
330;73.959
331;50.434
332;48.521
333;61.053999999999995
334;48.119
335;48.781
336;62.679
337;54.791
338;60.227999999999994
339;49.922000000000004
340;49.486000000000004
341;62.942
342;50.625
343;46.572
344;61.731
345;69.028
346;50.376999999999995
347;60.482
348;61.911
349;59.939
350;63.342
351;71.337
352;59.973
353;61.282000000000004
354;51.295
355;63.468999999999994
356;59.747
357;64.748
358;69.57900000000001
359;60.998
360;54.758
361;58.38
362;56.336
363;53.022
364;60.769999999999996
365;71.96600000000001
366;72.96900000000001
367;54.36
368;71.68599999999999
369;63.681000000000004
370;75.57600000000001
371;65.141
372;70.573
373;66.531
374;69.06099999999999
375;73.60300000000001
376;69.11
377;72.492
378;67.235
379;65.16
380;81.182
381;65.058
382;70.988
383;68.25399999999999
384;58.812999999999995
385;84.907
386;84.3
387;83.113
388;75.104
389;86.732
390;69.287
391;80.755
392;68.216
393;81.41900000000001
394;74.32
395;70.024
396;78.64
397;75.60300000000001
398;66.426
399;62.102
400;90.007
401;65.042
402;83.73
403;85.444
404;73.566
405;75.192
406;77.006
407;68.77999999999999
408;79.119
409;83.166
410;86.87
411;77.237
412;109.846
413;77.699
414;96.952
415;76.192
416;92.75500000000001
417;86.44300000000001
418;77.678
419;84.626
420;78.84299999999999
421;103.089
422;84.24
423;98.165
424;83.33500000000001
425;91.86
426;84.98
427;83.65400000000001
428;96.318
429;89.406
430;108.949
431;92.317
432;73.046
433;79.164
434;93.78
435;79.42200000000001
436;79.347
437;97.61
438;99.631
439;106.367
440;81.168
441;87.105
442;100.535
443;98.87400000000001
444;117.113
445;89.857
446;89.73
447;86.774
448;89.821
449;113.9
450;103.56700000000001
451;108.418
452;98.49
453;89.786
454;81.01
455;106.16499999999999
456;96.92399999999999
457;120.744
458;107.565
459;108.42699999999999
460;112.668
461;108.033
462;105.035
463;101.505
464;111.48700000000001
465;102.547
466;115.736
467;94.709
468;125.469
469;112.8
470;117.47399999999999
471;97.478
472;110.636
473;115.486
474;118.13600000000001
475;124.17699999999999
476;116.205
477;97.592
478;100.589
479;102.962
480;117.345
481;112.57000000000001
482;99.103
483;105.412
484;117.623
485;102.83399999999999
486;110.846
487;117.588
488;119.276
489;141.25099999999998
490;116.87400000000001
491;110.28999999999999
492;127.467
493;114.32199999999999
494;99.216
495;120.119
496;125.45799999999998
497;112.268
498;127.29199999999999
499;132.463
500;134.866
501;114.898
502;121.23599999999999
503;118.998
504;140.071
505;114.07100000000001
506;117.408
507;111.469
508;114.47
509;118.57
510;134.208
511;121.99300000000001
512;662.168
513;124.028
514;148.671
515;151.205
516;132.36
517;116.79599999999999
518;117.229
519;552.0
520;126.73300000000002
521;240.892
522;182.938
523;129.71099999999998
524;135.64100000000002
525;131.486
526;125.26899999999999
527;132.589
528;129.01000000000002
529;1120.017
530;135.847
531;135.024
532;167.575
533;150.157
534;115.63900000000001
535;153.336
536;138.067
537;137.182
538;143.735
539;162.215
540;137.28
541;130.855
542;159.257
543;136.94600000000003
544;148.551
545;147.801
546;158.29299999999998
547;144.864
548;154.64600000000002
549;146.24300000000002
550;157.172
551;147.288
552;167.25
553;154.757
554;151.733
555;149.57899999999998
556;169.97
557;203.61
558;164.747
559;150.71699999999998
560;149.773
561;154.222
562;164.609
563;145.572
564;163.673
565;166.655
566;137.095
567;163.426
568;165.656
569;154.79399999999998
570;154.483
571;167.291
572;161.31699999999998
573;156.214
574;175.163
575;170.829
576;159.853
577;172.22899999999998
578;160.53799999999998
579;189.899
580;184.168
581;167.396
582;177.331
583;170.34099999999998
584;171.15
585;165.17399999999998
586;164.556
587;151.578
588;188.478
589;168.883
590;173.961
591;190.548
592;182.422
593;176.989
594;183.04999999999998
595;170.897
596;180.286
597;157.634
598;175.06
599;149.931
600;174.71
601;166.16
602;181.106
603;185.238
604;185.12
605;186.277
606;183.768
607;197.989
608;181.615
609;191.26999999999998
610;195.053
611;187.107
612;175.422
613;210.149
614;185.334
615;194.155
616;201.148
617;208.695
618;200.484
619;190.10299999999998
620;190.641
621;190.055
622;186.04399999999998
623;196.689
624;195.69500000000002
625;197.177
626;180.47199999999998
627;198.436
628;213.677
629;221.28400000000002
630;195.785
631;192.456
632;208.27300000000002
633;200.849
634;175.041
635;208.029
636;211.91899999999998
637;198.17000000000002
638;220.43099999999998
639;211.705
640;234.278
641;204.768
642;212.641
643;208.467
644;210.16000000000003
645;194.102
646;229.83
647;226.305
648;228.104
649;216.761
650;196.099
651;201.097
652;246.07999999999998
653;229.722
654;198.481
655;233.69799999999998
656;220.62300000000002
657;204.965
658;231.352
659;203.16899999999998
660;199.067
661;226.684
662;232.097
663;206.33499999999998
664;204.274
665;222.61700000000002
666;223.668
667;227.47899999999998
668;238.393
669;220.714
670;205.703
671;223.36700000000002
672;231.676
673;229.774
674;217.453
675;203.64
676;230.98
677;218.93
678;234.97299999999998
679;240.089
680;240.485
681;239.27599999999998
682;238.513
683;238.657
684;248.758
685;237.484
686;249.953
687;244.16299999999998
688;229.663
689;251.50099999999998
690;257.826
691;247.918
692;277.29900000000004
693;240.261
694;239.47299999999998
695;236.163
696;238.13
697;237.412
698;242.338
699;217.75900000000001
700;240.582
701;233.525
702;278.111
703;250.50499999999997
704;281.887
705;239.26500000000001
706;412.214
707;256.68600000000004
708;234.731
709;251.08999999999997
710;273.205
711;245.988
712;258.407
713;243.346
714;287.696
715;266.61899999999997
716;254.51200000000003
717;257.512
718;263.893
719;251.859
720;246.731
721;242.761
722;242.69
723;275.284
724;274.208
725;252.79000000000002
726;272.58700000000005
727;268.08
728;259.308
729;264.14799999999997
730;284.937
731;288.461
732;282.71000000000004
733;283.588
734;272.874
735;274.49899999999997
736;285.238
737;262.0
738;270.854
739;274.89200000000005
740;281.22200000000004
741;242.99200000000002
742;277.126
743;294.267
744;304.094
745;304.65799999999996
746;296.436
747;305.62899999999996
748;298.399
749;262.53700000000003
750;284.88
751;280.959
752;321.103
753;288.24499999999995
754;296.116
755;286.008
756;300.417
757;292.65999999999997
758;301.30899999999997
759;258.41700000000003
760;264.343
761;273.098
762;317.005
763;328.13399999999996
764;302.179
765;274.92100000000005
766;286.168
767;254.62800000000001
768;249.10999999999999
769;279.68399999999997
770;267.673
771;261.258
772;280.269
773;255.386
774;296.781
775;282.942
776;398.893
777;293.845
778;313.02000000000004
779;303.33
780;302.925
781;320.121
782;300.84
783;318.799
784;305.03999999999996
785;319.01800000000003
786;347.972
787;310.353
788;309.7
789;318.637
790;321.949
791;331.581
792;313.032
793;314.287
794;293.087
795;321.739
796;310.769
797;312.373
798;324.72299999999996
799;322.851
800;292.566
801;321.74
802;356.35
803;294.66999999999996
804;308.829
805;320.644
806;300.465
807;321.536
808;318.20799999999997
809;323.127
810;332.266
811;325.248
812;327.932
813;341.114
814;327.366
815;324.027
816;312.866
817;333.873
818;328.05699999999996
819;346.911
820;347.06100000000004
821;347.883
822;333.185
823;349.371
824;341.468
825;340.017
826;336.984
827;333.938
828;358.482
829;356.291
830;339.598
831;312.727
832;353.274
833;364.3
834;545.6410000000001
835;1039.5449999999998
836;371.589
837;362.533
838;347.195
839;656.815
840;367.39300000000003
841;364.616
842;363.228
843;558.356
844;367.226
845;360.418
846;393.671
847;359.697
848;375.421
849;450.10699999999997
850;346.90999999999997
851;394.412
852;357.299
853;356.615
854;369.695
855;379.065
856;397.285
857;421.18699999999995
858;375.195
859;354.42600000000004
860;563.4749999999999
861;388.779
862;360.097
863;400.92
864;399.957
865;402.24199999999996
866;350.547
867;894.5999999999999
868;338.652
869;382.57099999999997
870;334.401
871;395.103
872;360.811
873;336.40500000000003
874;308.073
875;371.18600000000004
876;401.826
877;378.751
878;376.205
879;386.147
880;414.62399999999997
881;372.904
882;418.765
883;372.782
884;392.489
885;365.268
886;398.31100000000004
887;385.857
888;399.306
889;385.312
890;416.034
891;404.89399999999995
892;403.501
893;405.366
894;436.152
895;375.41200000000003
896;400.208
897;402.04200000000003
898;406.627
899;422.23699999999997
900;392.227
901;423.927
902;388.75300000000004
903;410.0
904;425.317
905;405.10400000000004
906;412.026
907;408.155
908;428.073
909;405.674
910;411.834
911;444.847
912;436.13
913;389.843
914;377.82500000000005
915;1056.861
916;440.784
917;424.318
918;444.408
919;1280.335
920;415.665
921;526.334
922;416.373
923;400.76099999999997
924;416.865
925;450.29400000000004
926;398.285
927;371.47400000000005
928;381.695
929;415.603
930;418.38399999999996
931;411.993
932;663.543
933;425.068
934;560.967
935;419.146
936;410.77200000000005
937;412.628
938;354.246
939;395.592
940;374.77500000000003
941;389.731
942;365.904
943;583.602
944;421.146
945;425.822
946;407.04400000000004
947;488.558
948;414.62399999999997
949;390.967
950;491.286
951;405.515
952;605.733
953;397.955
954;422.574
955;465.401
956;1371.675
957;416.904
958;426.509
959;419.738
960;402.336
961;421.89500000000004
962;425.329
963;422.675
964;439.718
965;441.084
966;476.812
967;381.454
968;444.129
969;472.069
970;469.779
971;444.43899999999996
972;423.12699999999995
973;462.383
974;456.557
975;422.253
976;455.961
977;466.178
978;434.28499999999997
979;1525.54
980;1099.897
981;613.168
982;871.803
983;660.034
984;533.199
985;427.661
986;495.13800000000003
987;584.8879999999999
988;377.93
989;425.9
990;491.493
991;414.806
992;420.89799999999997
993;604.491
994;453.172
995;412.736
996;459.14300000000003
997;614.5129999999999
998;505.173
999;1718.056

ilosc_zadan;czas
CarlierResolver(<class 'libs.rpq_resolver.SchrageLogNResolver'>, CarlierStrategy.BFS)
10;0.38699999999999996
11;0.34400000000000003
12;0.383
13;0.447
14;0.41800000000000004
15;0.562
16;0.571
17;0.574
18;0.5950000000000001
19;0.6849999999999999
20;1.2229999999999999
21;0.964
22;0.7919999999999999
23;0.858
24;0.914
25;0.954
26;1.074
27;0.953
28;0.901
29;0.7829999999999999
30;0.9779999999999999
31;0.796
32;0.957
33;0.8899999999999999
34;0.892
35;0.894
36;1.1199999999999999
37;0.967
38;0.963
39;1.659
40;1.617
41;1.258
42;1.087
43;1.382
44;1.1019999999999999
45;1.756
46;1.8639999999999999
47;1.6980000000000002
48;1.188
49;1.504
50;2.155
51;1.397
52;1.331
53;1.851
54;2.075
55;1.803
56;2.042
57;2.781
58;2.3649999999999998
59;2.5799999999999996
60;1.9940000000000002
61;3.871
62;5.725
63;2.828
64;1.847
65;2.133
66;2.193
67;3.609
68;2.049
69;1.74
70;2.048
71;1.8259999999999998
72;2.503
73;2.4299999999999997
74;1.944
75;1.924
76;2.1470000000000002
77;2.42
78;2.949
79;2.113
80;2.395
81;2.82
82;2.66
83;2.956
84;4.321000000000001
85;4.503
86;4.5840000000000005
87;6.397
88;2.731
89;3.9
90;2.507
91;3.055
92;2.985
93;3.7840000000000003
94;3.922
95;2.947
96;4.2509999999999994
97;3.614
98;3.238
99;2.578
100;2.624
101;2.718
102;3.5820000000000003
103;3.1069999999999998
104;3.165
105;2.8310000000000004
106;3.9659999999999997
107;2.848
108;3.089
109;11.324000000000002
110;4.537
111;4.037
112;4.934
113;3.8939999999999997
114;3.665
115;3.164
116;4.011
117;3.222
118;3.1270000000000002
119;5.5760000000000005
120;3.408
121;3.774
122;3.1519999999999997
123;3.211
124;5.213
125;5.734999999999999
126;5.581
127;5.453
128;3.403
129;3.876
130;7.0600000000000005
131;6.353
132;5.0569999999999995
133;3.6380000000000003
134;5.029999999999999
135;4.992
136;4.9319999999999995
137;4.978
138;5.981
139;3.662
140;3.9490000000000003
141;5.007000000000001
142;3.7230000000000003
143;3.974
144;6.402
145;7.233
146;6.751
147;4.583
148;6.551
149;3.9760000000000004
150;7.420000000000001
151;7.382
152;7.188
153;8.512
154;5.296
155;4.617999999999999
156;4.457
157;4.764
158;6.148
159;6.686
160;7.0889999999999995
161;4.4159999999999995
162;6.518000000000001
163;4.356999999999999
164;5.071
165;4.362
166;5.8580000000000005
167;9.401
168;4.978
169;5.457
170;8.082
171;7.877000000000001
172;5.119000000000001
173;4.759
174;4.929
175;5.956
176;6.624
177;7.489
178;6.5649999999999995
179;5.792000000000001
180;5.98
181;5.012
182;5.783
183;6.792000000000001
184;5.039
185;6.335
186;7.468
187;8.592
188;6.7219999999999995
189;5.6690000000000005
190;8.099
191;8.616999999999999
192;5.75
193;6.267
194;8.392999999999999
195;9.539000000000001
196;5.2700000000000005
197;8.302999999999999
198;8.945
199;8.927
200;5.43
201;10.134
202;7.197
203;7.449
204;6.325
205;9.343
206;8.109
207;6.2700000000000005
208;8.685
209;6.747999999999999
210;6.144
211;7.438000000000001
212;6.072
213;6.452
214;10.768
215;7.069
216;8.751999999999999
217;5.98
218;7.521
219;16.561
220;9.722
221;7.197
222;8.569
223;7.065
224;6.393000000000001
225;8.898
226;9.291
227;7.095
228;9.376000000000001
229;10.863
230;10.059999999999999
231;8.231
232;10.461
233;8.665000000000001
234;7.154
235;7.799
236;10.024
237;8.335
238;9.302
239;10.33
240;9.190999999999999
241;10.172
242;9.591000000000001
243;8.482999999999999
244;9.367
245;6.832999999999999
246;10.278
247;6.998
248;7.037
249;10.814
250;8.822
251;7.82
252;9.189
253;8.566
254;7.941999999999999
255;11.145999999999999
256;10.619
257;11.974
258;11.132
259;7.267
260;10.222
261;11.384
262;10.08
263;7.256
264;8.290000000000001
265;7.386
266;7.2059999999999995
267;13.915000000000001
268;8.111
269;7.433000000000001
270;8.414
271;9.36
272;7.538
273;8.331
274;8.426
275;9.418
276;10.737
277;13.081000000000001
278;12.838000000000001
279;12.326
280;8.853
281;8.293
282;9.502
283;7.6899999999999995
284;12.963000000000001
285;9.083
286;14.052999999999999
287;12.113999999999999
288;13.074
289;14.508999999999999
290;9.371
291;11.144
292;8.219000000000001
293;10.181000000000001
294;11.402000000000001
295;13.237
296;10.781
297;13.396999999999998
298;8.211
299;9.979
300;11.042
301;12.427999999999999
302;9.327
303;11.349
304;10.766
305;10.167
306;9.583
307;10.407
308;8.914
309;11.253
310;10.319999999999999
311;11.463
312;12.281
313;9.209
314;10.803
315;13.633
316;9.454
317;8.974
318;10.616
319;9.874
320;12.803
321;13.589
322;12.817
323;15.382
324;12.192
325;9.559
326;9.244
327;12.588999999999999
328;14.095999999999998
329;9.098
330;16.307
331;11.624
332;14.909
333;13.395000000000001
334;11.32
335;14.452
336;14.176
337;12.149999999999999
338;11.626
339;13.492
340;9.678
341;15.018
342;9.773
343;9.643
344;13.082999999999998
345;17.495
346;11.348
347;9.759
348;25.066000000000003
349;14.152
350;14.131
351;10.024999999999999
352;13.315000000000001
353;10.321
354;13.07
355;13.055000000000001
356;16.148
357;13.622
358;18.606
359;16.907999999999998
360;15.914000000000001
361;11.198
362;10.803999999999998
363;10.472
364;10.461
365;13.906
366;14.821000000000002
367;16.92
368;15.743
369;13.157
370;13.207
371;15.879999999999999
372;15.69
373;12.992999999999999
374;20.516
375;11.207
376;15.285
377;23.954
378;14.394
379;10.493
380;25.284000000000002
381;12.600999999999999
382;14.218
383;10.932
384;11.473
385;12.302
386;11.318
387;17.113
388;11.0
389;17.194000000000003
390;16.271
391;15.843
392;14.978
393;15.786999999999999
394;12.447
395;17.89
396;18.666999999999998
397;19.022000000000002
398;16.064999999999998
399;11.147
400;15.741999999999999
401;17.85
402;15.785
403;13.396999999999998
404;18.994
405;17.46
406;13.375
407;19.753
408;15.488999999999999
409;14.991000000000001
410;24.145
411;20.697
412;13.758
413;11.783
414;19.572
415;14.906
416;14.988
417;19.82
418;17.012
419;13.349
420;15.609
421;14.628
422;17.358999999999998
423;15.401
424;15.875
425;17.382
426;17.416999999999998
427;12.713000000000001
428;12.097
429;17.073999999999998
430;13.254
431;12.605
432;20.665
433;13.979000000000001
434;15.181999999999999
435;17.337000000000003
436;14.831000000000001
437;19.444
438;17.294
439;15.693999999999999
440;20.56
441;20.307
442;14.829
443;13.831
444;15.169
445;15.214
446;13.602
447;19.105
448;18.546
449;14.809
450;17.284999999999997
451;13.289
452;15.59
453;13.559
454;12.9
455;18.079
456;12.879
457;18.776999999999997
458;21.47
459;18.939999999999998
460;16.619
461;14.77
462;13.264
463;17.487
464;13.950000000000001
465;13.943000000000001
466;22.477
467;16.773
468;16.535999999999998
469;14.613
470;15.681000000000001
471;18.995
472;20.105
473;15.168
474;18.785
475;17.694000000000003
476;17.72
477;21.334
478;17.838
479;20.628
480;21.509
481;19.073
482;21.231
483;19.639
484;18.586
485;14.459
486;18.968
487;14.024999999999999
488;20.204
489;21.107
490;16.746000000000002
491;23.401999999999997
492;19.899
493;19.172
494;14.137
495;22.471
496;21.487
497;19.804
498;20.67
499;15.189
500;17.884
501;19.812
502;17.966
503;19.701
504;17.472
505;15.071
506;19.253
507;24.447
508;17.185
509;15.348
510;14.462
511;14.777000000000001
512;37.941
513;21.45
514;30.088
515;21.912999999999997
516;21.693
517;26.058999999999997
518;21.401
519;30.297
520;23.151999999999997
521;111.026
522;23.474999999999998
523;15.32
524;17.284000000000002
525;21.849
526;15.716000000000001
527;20.901
528;20.96
529;131.209
530;22.986
531;22.325000000000003
532;18.528
533;21.395999999999997
534;17.878
535;23.512
536;18.391000000000002
537;23.938000000000002
538;17.49
539;17.114
540;26.107000000000003
541;22.78
542;16.209
543;20.208000000000002
544;18.767
545;24.45
546;22.594
547;23.675
548;18.631999999999998
549;21.258
550;16.434
551;26.585
552;21.271
553;23.291
554;24.762
555;25.455
556;19.899
557;24.082
558;28.292
559;21.872
560;24.253
561;24.055
562;19.517
563;19.631
564;23.656
565;27.941
566;28.317999999999998
567;19.139
568;20.878
569;27.675
570;29.775
571;17.551000000000002
572;19.647000000000002
573;28.836000000000002
574;25.416999999999998
575;23.261
576;18.950000000000003
577;19.833
578;20.104
579;19.814
580;23.511
581;19.077
582;23.676
583;24.874
584;21.907
585;17.363
586;29.246000000000002
587;26.985
588;24.122
589;25.301000000000002
590;20.028000000000002
591;22.893
592;24.358
593;22.246
594;18.876
595;22.918999999999997
596;26.691
597;28.85
598;30.082
599;17.738
600;27.546999999999997
601;25.326
602;23.891
603;32.186
604;21.638
605;22.482
606;21.118000000000002
607;24.631
608;19.956000000000003
609;20.105
610;23.035
611;28.695999999999998
612;20.212
613;29.27
614;32.434
615;33.466
616;21.968999999999998
617;21.843
618;23.518
619;31.521
620;25.275
621;26.16
622;23.584
623;28.755
624;28.697
625;24.593
626;27.426
627;21.173000000000002
628;25.393
629;24.677
630;22.787000000000003
631;31.962999999999997
632;27.523
633;22.689
634;27.879
635;24.86
636;26.270000000000003
637;25.647
638;25.257
639;24.295
640;26.732
641;22.82
642;23.952
643;28.049
644;21.762
645;30.446
646;28.915
647;21.096
648;23.736
649;24.341
650;26.765
651;24.649
652;22.255
653;20.943
654;24.061
655;29.37
656;23.005000000000003
657;30.315
658;25.24
659;21.415
660;24.563000000000002
661;28.848
662;27.556
663;23.008
664;21.208000000000002
665;28.182
666;21.863
667;29.024
668;24.070999999999998
669;22.878
670;24.358
671;24.774
672;26.589000000000002
673;24.36
674;28.681
675;27.502
676;32.674
677;26.005
678;29.770999999999997
679;27.201
680;29.877000000000002
681;25.876
682;25.57
683;30.293
684;22.361
685;29.172
686;31.674
687;25.044
688;29.731
689;32.317
690;29.971999999999998
691;26.208
692;22.290999999999997
693;26.86
694;26.416999999999998
695;23.380000000000003
696;26.938
697;28.0
698;24.348000000000003
699;30.078
700;27.509999999999998
701;26.810000000000002
702;29.836000000000002
703;28.832
704;26.466
705;29.155
706;44.562999999999995
707;24.698999999999998
708;27.487000000000002
709;28.746000000000002
710;34.08
711;25.966
712;30.205
713;28.64
714;29.965
715;29.19
716;30.720000000000002
717;34.196
718;36.416999999999994
719;28.941000000000003
720;27.154
721;25.563
722;24.378
723;26.057
724;24.336
725;33.846000000000004
726;24.53
727;25.518
728;28.675
729;27.994
730;30.108
731;23.368
732;30.719
733;24.794
734;31.733999999999998
735;30.053
736;29.250999999999998
737;30.747
738;36.216
739;22.196
740;29.715
741;36.683
742;32.032
743;30.573
744;25.985999999999997
745;30.465
746;26.496
747;36.932
748;23.747
749;32.45399999999999
750;36.403999999999996
751;27.551
752;25.773999999999997
753;30.561
754;26.657
755;31.962999999999997
756;34.385
757;30.581
758;27.173
759;30.426000000000002
760;26.455
761;32.02
762;31.496999999999996
763;26.894000000000002
764;33.074
765;24.894
766;31.676999999999996
767;24.433
768;31.814000000000004
769;32.794999999999995
770;35.045
771;33.75
772;24.074
773;30.026
774;24.865000000000002
775;27.944
776;302.91200000000003
777;32.893
778;26.034000000000002
779;27.855999999999998
780;41.768
781;27.150000000000002
782;28.105
783;26.013
784;25.172
785;35.538
786;30.842000000000002
787;33.037
788;33.194
789;34.221000000000004
790;41.109
791;30.346
792;31.683999999999997
793;28.756
794;38.17
795;34.9
796;26.56
797;34.324
798;36.812999999999995
799;37.909
800;35.28
801;29.833
802;32.313
803;40.492
804;35.327
805;36.367999999999995
806;28.240000000000002
807;27.686
808;29.53
809;34.564
810;33.769
811;37.525999999999996
812;30.271
813;34.655
814;41.409
815;29.933
816;30.43
817;34.136
818;40.647999999999996
819;34.543
820;31.496000000000002
821;31.438000000000002
822;32.366
823;34.479
824;29.535
825;35.402
826;36.823
827;34.019
828;31.091
829;35.741
830;30.173
831;40.137
832;34.269
833;30.963
834;56.910000000000004
835;56.690999999999995
836;40.2
837;34.086
838;32.158
839;39.972
840;32.345
841;32.037000000000006
842;37.123999999999995
843;41.919
844;30.599
845;36.936
846;30.048
847;36.363
848;31.092000000000002
849;28.835
850;31.141
851;30.758
852;33.29
853;46.218
854;31.977999999999998
855;35.56
856;36.268
857;39.296
858;38.032000000000004
859;39.103
860;32.217000000000006
861;36.346999999999994
862;39.154
863;52.206
864;207.87900000000002
865;56.181000000000004
866;38.854
867;65.342
868;37.375
869;53.725
870;34.0
871;31.348000000000003
872;36.217
873;38.408
874;42.7
875;45.974000000000004
876;37.858000000000004
877;32.264
878;29.173000000000002
879;29.371000000000002
880;39.083
881;42.94
882;31.368
883;41.281
884;39.86
885;32.559
886;37.262
887;30.636
888;44.784
889;33.021
890;38.607
891;39.72
892;33.980999999999995
893;38.171
894;38.357
895;44.46
896;38.718
897;33.741
898;36.781
899;38.150000000000006
900;43.094
901;35.14
902;29.237
903;39.034
904;32.465
905;37.916
906;40.768
907;33.857
908;34.02
909;31.709
910;38.843
911;36.473
912;38.639
913;29.94
914;37.42
915;226.726
916;31.924
917;35.48
918;33.407
919;89.327
920;40.203
921;32.181000000000004
922;34.391999999999996
923;32.286
924;38.674
925;37.385000000000005
926;45.684000000000005
927;34.885
928;31.64
929;38.48
930;36.388
931;29.747
932;36.492
933;33.784
934;43.333999999999996
935;33.472
936;44.232
937;31.28
938;29.499000000000002
939;35.226
940;38.889
941;44.572
942;28.793
943;29.919
944;44.915
945;53.125
946;39.036
947;61.307
948;36.242999999999995
949;41.972
950;58.291999999999994
951;30.688
952;42.131
953;43.009
954;61.55
955;59.308
956;250.672
957;42.555
958;31.97
959;43.056
960;46.65
961;29.276
962;44.333999999999996
963;36.306
964;32.266999999999996
965;29.687
966;41.589
967;46.287
968;34.206
969;36.19
970;41.461999999999996
971;36.369
972;48.333
973;39.523999999999994
974;39.014
975;36.301
976;37.918
977;32.125
978;30.895
979;40.388
980;35.227000000000004
981;60.142
982;59.748000000000005
983;37.132
984;48.344
985;32.637
986;46.655
987;96.748
988;47.905
989;30.807000000000002
990;46.608
991;30.082
992;46.287
993;38.874
994;45.988
995;36.491
996;44.111
997;61.589999999999996
998;61.286
999;62.257

ilosc_zadan;czas
CarlierResolver(<class 'libs.rpq_resolver.SchrageN2Resolver'>, CarlierStrategy.Normal)
10;0.29500000000000004
11;0.444
12;0.402
13;0.412
14;0.339
15;0.496
16;0.40499999999999997
17;0.512
18;0.5569999999999999
19;0.695
20;0.562
21;0.865
22;0.754
23;3.494
24;0.929
25;1.073
26;1.25
27;1.049
28;1.711
29;1.0410000000000001
30;1.106
31;3.055
32;1.23
33;1.545
34;1.4569999999999999
35;1.0510000000000002
36;2.382
37;1.127
38;1.2409999999999999
39;1.5399999999999998
40;1.668
41;1.573
42;1.333
43;1.3840000000000001
44;2.518
45;1.976
46;2.7929999999999997
47;1.926
48;1.606
49;1.8339999999999999
50;2.5149999999999997
51;2.4859999999999998
52;2.2070000000000003
53;2.745
54;3.322
55;2.003
56;2.104
57;4.077
58;2.096
59;2.98
60;2.7279999999999998
61;3.0109999999999997
62;6.454
63;2.6670000000000003
64;4.039
65;3.299
66;3.411
67;2.898
68;4.577999999999999
69;2.727
70;2.9
71;7.792000000000001
72;5.899
73;6.557
74;4.712
75;4.78
76;3.347
77;5.154
78;4.673
79;3.46
80;4.656000000000001
81;3.7190000000000003
82;4.107
83;3.925
84;3.955
85;4.054
86;4.574
87;6.3709999999999996
88;4.39
89;4.649
90;4.6080000000000005
91;4.343
92;4.433000000000001
93;4.531999999999999
94;11.682
95;7.896
96;6.824
97;5.682
98;7.046
99;7.92
100;6.319
101;6.319
102;7.558
103;5.906
104;5.877000000000001
105;7.752
106;7.348999999999999
107;7.005
108;6.0280000000000005
109;19.814
110;10.866999999999999
111;7.2620000000000005
112;9.837
113;8.458
114;7.457
115;6.812
116;10.765
117;6.7
118;9.358
119;7.664
120;11.945
121;6.927
122;8.293
123;9.011999999999999
124;10.661999999999999
125;10.149000000000001
126;10.163
127;14.633999999999999
128;9.924000000000001
129;7.749
130;10.08
131;8.183
132;12.71
133;12.968
134;10.586
135;11.448
136;12.81
137;10.979
138;11.589
139;10.71
140;13.025
141;9.737
142;12.451
143;15.817999999999998
144;11.293
145;11.706
146;14.936
147;11.318
148;10.885
149;12.814
150;11.385
151;11.126000000000001
152;11.088000000000001
153;11.323
154;13.440000000000001
155;14.619
156;14.484
157;12.94
158;11.988999999999999
159;11.705
160;12.084
161;12.087
162;16.727
163;16.023
164;12.546
165;13.684
166;20.262999999999998
167;20.343
168;15.058
169;16.872
170;19.814999999999998
171;16.219
172;16.91
173;18.261
174;15.459
175;14.525
176;17.838
177;14.837
178;19.201
179;20.015
180;21.422
181;18.332
182;18.25
183;17.866
184;20.88
185;18.12
186;23.595000000000002
187;15.295
188;20.292
189;18.200999999999997
190;20.881
191;18.583
192;18.819
193;19.787
194;26.082
195;19.996
196;22.962
197;21.843999999999998
198;24.051
199;23.428
200;20.570999999999998
201;26.305
202;19.787
203;18.656
204;26.302
205;29.482000000000003
206;43.491
207;22.067
208;21.676000000000002
209;22.799
210;25.361
211;22.539
212;24.989
213;25.787000000000003
214;24.202
215;23.808
216;22.294
217;29.605
218;27.556
219;25.942
220;26.414
221;26.3
222;23.532
223;27.666
224;26.3
225;26.154
226;28.171000000000003
227;35.496
228;27.795
229;29.826999999999998
230;26.495
231;29.038
232;28.921
233;31.613000000000003
234;35.407000000000004
235;24.912
236;26.117
237;30.86
238;34.999
239;33.458
240;24.56
241;36.74
242;34.009
243;31.292
244;28.651
245;33.588
246;28.967
247;32.314
248;26.858
249;36.536
250;30.033
251;35.037
252;36.623000000000005
253;30.4
254;35.049
255;35.767
256;40.122
257;42.574
258;33.336999999999996
259;34.109
260;30.663
261;34.613
262;29.895999999999997
263;32.495999999999995
264;35.552
265;30.113999999999997
266;29.784000000000002
267;37.083999999999996
268;33.906
269;40.023999999999994
270;31.528
271;40.913
272;33.384
273;48.48800000000001
274;34.52
275;36.366
276;42.134
277;40.442
278;48.918000000000006
279;44.379000000000005
280;32.499
281;48.878
282;36.617
283;34.117000000000004
284;38.985
285;42.961
286;47.643
287;44.794
288;45.993
289;51.177
290;40.291000000000004
291;42.04
292;37.582
293;36.062
294;38.991
295;56.533
296;39.199999999999996
297;42.83
298;43.506
299;49.037
300;43.841
301;50.414
302;46.243
303;44.072
304;50.374
305;56.128
306;42.765
307;44.475
308;44.384
309;41.729
310;43.755
311;41.891
312;42.083000000000006
313;51.528
314;42.525
315;45.31
316;49.029999999999994
317;46.481
318;57.980999999999995
319;47.264
320;41.163
321;46.553
322;48.467000000000006
323;47.426
324;43.939
325;42.766
326;56.461
327;46.434000000000005
328;53.220000000000006
329;55.614999999999995
330;65.661
331;53.025000000000006
332;60.117
333;58.212
334;45.314
335;48.51
336;58.088
337;67.735
338;53.953
339;53.708
340;65.616
341;52.919000000000004
342;46.546
343;66.214
344;58.117000000000004
345;56.891
346;54.999
347;62.464999999999996
348;68.32199999999999
349;51.894999999999996
350;53.668
351;67.402
352;53.324000000000005
353;60.199999999999996
354;53.114000000000004
355;65.461
356;64.053
357;51.549
358;67.418
359;73.38300000000001
360;73.635
361;57.439
362;62.419000000000004
363;54.407
364;53.335
365;65.089
366;60.532000000000004
367;74.14999999999999
368;60.564
369;64.478
370;70.603
371;74.70400000000001
372;109.832
373;70.987
374;81.765
375;68.85900000000001
376;75.349
377;85.552
378;78.19500000000001
379;59.235
380;85.57199999999999
381;58.842
382;68.97699999999999
383;73.161
384;58.206
385;74.003
386;77.206
387;83.493
388;60.485
389;86.062
390;73.803
391;62.612
392;77.028
393;78.87700000000001
394;63.927
395;81.971
396;66.797
397;86.132
398;63.464000000000006
399;80.874
400;66.861
401;78.733
402;82.494
403;68.123
404;64.88199999999999
405;90.247
406;81.29400000000001
407;85.211
408;78.261
409;82.70700000000001
410;89.774
411;124.58500000000001
412;70.81800000000001
413;81.92399999999999
414;80.773
415;85.255
416;72.97
417;91.117
418;91.16499999999999
419;77.07300000000001
420;93.059
421;78.336
422;92.86800000000001
423;83.184
424;81.071
425;89.09400000000001
426;89.218
427;93.10000000000001
428;104.988
429;73.977
430;88.684
431;81.664
432;86.378
433;100.34
434;96.301
435;101.84
436;93.212
437;96.883
438;97.33200000000001
439;89.534
440;98.30999999999999
441;104.146
442;88.637
443;80.273
444;95.21300000000001
445;107.194
446;80.71000000000001
447;100.804
448;100.642
449;90.45100000000001
450;95.263
451;92.889
452;83.035
453;96.651
454;104.946
455;103.31400000000001
456;88.69399999999999
457;100.316
458;97.518
459;93.89999999999999
460;83.20700000000001
461;109.929
462;105.319
463;98.248
464;100.872
465;95.44500000000001
466;101.676
467;118.021
468;91.693
469;94.308
470;99.461
471;95.114
472;94.21799999999999
473;101.398
474;115.715
475;110.497
476;105.392
477;108.731
478;111.904
479;114.138
480;102.964
481;109.997
482;110.555
483;108.371
484;100.663
485;119.472
486;99.00399999999999
487;126.714
488;126.053
489;114.843
490;144.507
491;105.21600000000001
492;124.299
493;133.31799999999998
494;110.581
495;115.65
496;108.899
497;120.316
498;133.89200000000002
499;98.342
500;133.198
501;117.677
502;129.859
503;119.2
504;115.361
505;126.79599999999999
506;129.13
507;118.021
508;144.246
509;126.829
510;107.37299999999999
511;199.647
512;209.225
513;103.06800000000001
514;152.147
515;117.575
516;136.126
517;139.44699999999997
518;378.972
519;170.476
520;111.668
521;605.194
522;122.75
523;182.92
524;115.85199999999999
525;108.29700000000001
526;143.827
527;145.237
528;139.363
529;327.805
530;132.30700000000002
531;134.597
532;124.097
533;126.133
534;133.628
535;138.402
536;133.269
537;153.798
538;125.666
539;141.702
540;143.745
541;135.996
542;126.332
543;142.155
544;144.90200000000002
545;139.23499999999999
546;164.095
547;151.661
548;153.20700000000002
549;178.52499999999998
550;157.523
551;155.215
552;157.441
553;139.28199999999998
554;166.698
555;151.40200000000002
556;145.976
557;148.25
558;165.359
559;154.787
560;156.282
561;171.077
562;169.525
563;160.32299999999998
564;153.367
565;188.698
566;172.655
567;181.28
568;173.25799999999998
569;163.03699999999998
570;165.62099999999998
571;156.56
572;160.822
573;177.877
574;175.19299999999998
575;153.556
576;178.103
577;156.524
578;155.704
579;178.037
580;162.59
581;153.47299999999998
582;159.645
583;173.941
584;158.751
585;179.49599999999998
586;186.78900000000002
587;168.12
588;174.044
589;153.53900000000002
590;180.353
591;172.055
592;165.08
593;184.708
594;181.195
595;184.138
596;176.95
597;186.098
598;168.374
599;170.209
600;184.968
601;175.85899999999998
602;177.57
603;184.52599999999998
604;185.644
605;185.23600000000002
606;172.775
607;183.028
608;191.67100000000002
609;188.674
610;227.723
611;189.268
612;199.483
613;189.417
614;193.49
615;192.207
616;189.712
617;189.237
618;177.701
619;220.401
620;196.81699999999998
621;213.118
622;193.191
623;219.256
624;179.332
625;208.135
626;191.416
627;195.197
628;206.969
629;199.548
630;205.296
631;212.76600000000002
632;195.903
633;222.153
634;196.51399999999998
635;221.1
636;221.442
637;204.181
638;212.188
639;214.788
640;207.289
641;201.974
642;212.277
643;214.364
644;225.216
645;211.49499999999998
646;220.12699999999998
647;216.912
648;198.526
649;208.10899999999998
650;197.049
651;216.621
652;188.785
653;208.228
654;218.212
655;208.645
656;231.602
657;231.02700000000002
658;222.196
659;212.233
660;228.824
661;213.85199999999998
662;221.454
663;208.885
664;212.718
665;222.251
666;222.238
667;224.87199999999999
668;228.013
669;219.947
670;230.601
671;238.647
672;246.583
673;220.667
674;220.535
675;210.714
676;233.672
677;227.472
678;234.692
679;220.09
680;240.60500000000002
681;239.02100000000002
682;248.50300000000001
683;233.733
684;251.778
685;220.51000000000002
686;238.71300000000002
687;230.984
688;244.732
689;242.887
690;239.50199999999998
691;245.201
692;237.206
693;251.639
694;245.143
695;252.56
696;260.915
697;252.926
698;258.818
699;234.37
700;236.533
701;256.49699999999996
702;259.072
703;245.811
704;248.004
705;329.77
706;245.388
707;252.08700000000002
708;254.9
709;253.56
710;260.781
711;253.097
712;255.094
713;247.65400000000002
714;256.0
715;266.495
716;250.701
717;258.538
718;246.98000000000002
719;264.67
720;276.87
721;290.998
722;261.99
723;245.729
724;275.822
725;257.682
726;247.32399999999998
727;271.874
728;261.104
729;262.384
730;247.955
731;270.312
732;279.937
733;256.132
734;287.725
735;279.206
736;265.911
737;255.96400000000003
738;285.885
739;272.42699999999996
740;282.529
741;278.77000000000004
742;263.427
743;257.818
744;266.55
745;254.266
746;281.702
747;260.757
748;283.126
749;273.314
750;265.961
751;263.204
752;274.386
753;293.733
754;279.404
755;292.979
756;283.25800000000004
757;292.763
758;258.35200000000003
759;269.43899999999996
760;278.286
761;262.715
762;285.428
763;280.28
764;244.043
765;275.38
766;273.763
767;281.288
768;227.97400000000002
769;247.351
770;291.49199999999996
771;257.003
772;279.061
773;254.656
774;272.915
775;276.646
776;694.1800000000001
777;281.173
778;287.817
779;281.415
780;508.7699999999999
781;321.297
782;306.133
783;316.498
784;312.85699999999997
785;301.332
786;304.63800000000003
787;310.513
788;307.264
789;299.35
790;299.396
791;333.852
792;294.124
793;332.863
794;328.924
795;332.914
796;323.303
797;318.113
798;300.851
799;317.28299999999996
800;334.187
801;315.606
802;342.89399999999995
803;323.363
804;332.806
805;327.90599999999995
806;318.19199999999995
807;329.56
808;352.95
809;348.04600000000005
810;331.81100000000004
811;313.433
812;318.368
813;309.18600000000004
814;322.115
815;334.714
816;318.608
817;340.518
818;423.796
819;331.666
820;327.54499999999996
821;341.658
822;346.039
823;352.665
824;344.698
825;346.426
826;366.399
827;362.349
828;355.961
829;342.03299999999996
830;368.057
831;363.224
832;362.44300000000004
833;347.968
834;343.519
835;347.657
836;358.352
837;354.777
838;444.542
839;367.34499999999997
840;346.528
841;362.907
842;334.49
843;367.076
844;367.82
845;355.573
846;373.886
847;533.4449999999999
848;904.454
849;354.228
850;391.579
851;341.89000000000004
852;339.957
853;379.377
854;389.48
855;365.853
856;387.99
857;399.97700000000003
858;376.349
859;361.23699999999997
860;359.728
861;357.666
862;309.151
863;540.49
864;993.688
865;569.9419999999999
866;316.87100000000004
867;354.361
868;311.95
869;633.0550000000001
870;360.422
871;352.435
872;420.362
873;357.77500000000003
874;331.788
875;398.241
876;397.307
877;365.65500000000003
878;390.32
879;383.826
880;410.68100000000004
881;391.246
882;387.653
883;403.116
884;381.341
885;409.091
886;356.51899999999995
887;362.529
888;374.877
889;391.814
890;431.47200000000004
891;410.92400000000004
892;379.38100000000003
893;419.664
894;421.076
895;374.35
896;419.78900000000004
897;392.907
898;389.07599999999996
899;402.351
900;415.91
901;384.376
902;421.714
903;439.073
904;421.09000000000003
905;405.22200000000004
906;408.73199999999997
907;396.54
908;435.079
909;409.39599999999996
910;443.788
911;407.353
912;418.938
913;420.09499999999997
914;381.618
915;546.31
916;436.016
917;422.79
918;430.5
919;1213.895
920;373.351
921;442.213
922;408.919
923;394.733
924;378.65
925;441.287
926;479.80699999999996
927;377.7
928;359.626
929;416.36699999999996
930;384.447
931;401.94800000000004
932;418.731
933;584.1560000000001
934;408.923
935;418.037
936;411.324
937;385.229
938;391.298
939;402.83200000000005
940;587.495
941;387.918
942;507.54600000000005
943;407.235
944;419.108
945;578.1619999999999
946;581.778
947;626.211
948;425.498
949;452.924
950;542.495
951;501.148
952;410.971
953;414.66999999999996
954;873.327
955;1002.605
956;655.03
957;426.582
958;416.439
959;400.557
960;453.74399999999997
961;409.361
962;429.725
963;454.238
964;440.027
965;454.364
966;428.875
967;464.206
968;435.815
969;471.926
970;462.797
971;467.248
972;433.97999999999996
973;461.878
974;422.692
975;407.069
976;447.27099999999996
977;433.382
978;438.583
979;533.396
980;448.35
981;550.057
982;437.307
983;425.194
984;412.766
985;417.295
986;452.004
987;672.4639999999999
988;431.122
989;426.88599999999997
990;523.0350000000001
991;433.723
992;408.96900000000005
993;414.019
994;458.199
995;446.5
996;448.268
997;466.449
998;634.316
999;466.91700000000003

ilosc_zadan;czas
CarlierResolver(<class 'libs.rpq_resolver.SchrageLogNResolver'>, CarlierStrategy.Normal)
10;0.528
11;0.38
12;0.506
13;0.453
14;0.5569999999999999
15;1.2830000000000001
16;0.521
17;0.5519999999999999
18;0.746
19;0.601
20;0.636
21;0.745
22;0.762
23;0.666
24;0.839
25;0.9650000000000001
26;1.056
27;0.876
28;1.194
29;0.9309999999999999
30;0.916
31;1.646
32;0.954
33;0.925
34;1.0839999999999999
35;0.893
36;1.0610000000000002
37;0.914
38;0.945
39;1.206
40;1.368
41;1.851
42;1.035
43;3.069
44;1.213
45;2.814
46;1.407
47;1.231
48;1.227
49;1.242
50;1.657
51;1.4
52;1.325
53;2.2230000000000003
54;1.702
55;1.392
56;2.179
57;1.565
58;3.7169999999999996
59;1.987
60;1.9620000000000002
61;2.097
62;3.922
63;2.396
64;2.7
65;2.0149999999999997
66;2.1940000000000004
67;1.9620000000000002
68;2.143
69;2.819
70;1.799
71;2.483
72;2.297
73;2.334
74;2.633
75;4.369
76;2.976
77;2.262
78;3.15
79;2.049
80;2.133
81;3.2560000000000002
82;2.148
83;2.236
84;3.247
85;2.521
86;2.275
87;3.162
88;2.826
89;3.473
90;3.866
91;2.761
92;2.6740000000000004
93;3.525
94;3.032
95;3.1270000000000002
96;3.432
97;3.8739999999999997
98;4.711
99;2.662
100;2.7039999999999997
101;3.738
102;3.859
103;3.457
104;3.948
105;3.1029999999999998
106;2.869
107;4.025
108;2.8310000000000004
109;7.415
110;4.002999999999999
111;3.413
112;3.9360000000000004
113;5.048
114;3.0509999999999997
115;5.1000000000000005
116;4.726
117;5.475
118;3.146
119;3.095
120;3.195
121;3.215
122;3.364
123;4.987
124;3.286
125;5.1739999999999995
126;5.617999999999999
127;5.059
128;4.4479999999999995
129;3.326
130;5.998
131;4.982
132;6.5009999999999994
133;4.131
134;5.9350000000000005
135;5.072
136;4.88
137;6.861
138;3.62
139;5.098
140;4.77
141;5.303999999999999
142;4.9430000000000005
143;8.013
144;7.3020000000000005
145;7.3309999999999995
146;4.713
147;6.109
148;5.351
149;5.473999999999999
150;6.976999999999999
151;5.263999999999999
152;6.929
153;5.114
154;5.267
155;4.577999999999999
156;4.645
157;5.997
158;5.854
159;7.229
160;4.32
161;7.514
162;4.321000000000001
163;7.887
164;5.96
165;4.3759999999999994
166;11.099
167;8.267
168;4.527
169;5.6979999999999995
170;5.443
171;4.832000000000001
172;4.638
173;7.43
174;4.791
175;5.642
176;6.027
177;6.8180000000000005
178;7.550000000000001
179;7.17
180;8.093
181;7.149
182;5.021
183;6.044
184;8.158999999999999
185;6.258
186;10.479000000000001
187;7.034000000000001
188;8.142
189;8.089
190;5.938
191;6.083
192;7.931000000000001
193;9.074
194;5.781
195;5.909
196;7.123
197;6.789
198;5.535
199;8.068000000000001
200;9.860000000000001
201;8.498999999999999
202;8.631
203;8.517999999999999
204;9.754999999999999
205;8.817
206;9.880999999999998
207;9.917
208;6.274
209;8.867999999999999
210;7.992000000000001
211;9.168000000000001
212;7.672
213;9.49
214;6.233
215;6.32
216;8.25
217;8.982000000000001
218;9.251000000000001
219;9.969000000000001
220;9.274
221;6.555
222;8.5
223;6.186999999999999
224;10.202
225;9.613999999999999
226;10.498999999999999
227;6.28
228;9.291
229;9.209999999999999
230;7.457
231;9.195
232;10.62
233;10.852
234;7.148
235;7.223
236;6.492
237;8.456
238;10.744
239;6.57
240;11.604
241;10.846
242;10.713000000000001
243;10.011000000000001
244;9.592
245;9.125
246;8.719
247;10.776000000000002
248;8.91
249;9.081000000000001
250;10.058
251;7.031
252;11.1
253;7.917999999999999
254;9.11
255;9.459999999999999
256;11.728
257;9.243
258;9.618
259;7.1739999999999995
260;9.952
261;7.773000000000001
262;10.008
263;8.822
264;7.241
265;7.297
266;12.331
267;8.16
268;11.504
269;10.39
270;12.161999999999999
271;7.492999999999999
272;12.776
273;11.443999999999999
274;8.177999999999999
275;9.734
276;11.328
277;8.175
278;7.699
279;11.256
280;12.462000000000002
281;9.974
282;10.966999999999999
283;12.414
284;10.628
285;12.137
286;8.462000000000002
287;9.835999999999999
288;10.657
289;9.107000000000001
290;10.018
291;10.149000000000001
292;14.697
293;10.706999999999999
294;8.168999999999999
295;11.633
296;12.775
297;13.037999999999998
298;11.035
299;10.434000000000001
300;12.232
301;9.476
302;8.936
303;13.634
304;11.544
305;9.575
306;11.843
307;11.529
308;10.040000000000001
309;15.088000000000001
310;10.397
311;11.15
312;8.762
313;12.641
314;13.645
315;15.212
316;11.82
317;8.871
318;10.616
319;12.489
320;8.792
321;13.218
322;11.84
323;15.167
324;8.946000000000002
325;15.786000000000001
326;9.454
327;17.442
328;9.046999999999999
329;9.134
330;10.534999999999998
331;11.615
332;15.296000000000001
333;12.542
334;10.052
335;15.683
336;9.538
337;13.042
338;14.059999999999999
339;9.960999999999999
340;12.791
341;11.209
342;15.141
343;9.553
344;16.014
345;10.848999999999998
346;10.293
347;13.736999999999998
348;12.721
349;15.975
350;9.932
351;16.589
352;15.786999999999999
353;11.039
354;15.226999999999999
355;10.352
356;15.825
357;10.113000000000001
358;10.132
359;12.744
360;11.603
361;14.448
362;10.307
363;10.115
364;17.738
365;10.235
366;10.301
367;14.795000000000002
368;10.788
369;14.258
370;16.146
371;13.742
372;13.555
373;15.584000000000001
374;15.023
375;11.806000000000001
376;11.136999999999999
377;12.09
378;11.373
379;17.092
380;13.248
381;13.334
382;15.528
383;10.696000000000002
384;12.108
385;11.099
386;13.195
387;14.02
388;17.491
389;14.706999999999999
390;11.674999999999999
391;11.364
392;16.202
393;15.398
394;11.764999999999999
395;16.464
396;15.412
397;15.857
398;17.31
399;18.055000000000003
400;14.937000000000001
401;15.291
402;11.268
403;11.654
404;19.191
405;16.327
406;16.707
407;15.520000000000001
408;16.351999999999997
409;12.27
410;15.851
411;24.018
412;15.895
413;12.013
414;16.255
415;16.327
416;11.842
417;15.422
418;13.696
419;11.903
420;18.943
421;16.629
422;18.118
423;16.736
424;12.215
425;15.862000000000002
426;16.986
427;17.715
428;15.323
429;20.580000000000002
430;16.445999999999998
431;12.523
432;16.174
433;20.812
434;15.609
435;15.431000000000001
436;19.289
437;12.603
438;21.773
439;12.848
440;17.444000000000003
441;13.437
442;12.701
443;13.384
444;13.433
445;14.847000000000001
446;19.309
447;17.17
448;16.312
449;17.732999999999997
450;14.163
451;19.125
452;19.3
453;13.338
454;14.732000000000001
455;25.705
456;17.391000000000002
457;20.76
458;25.441
459;13.464
460;13.06
461;22.612000000000002
462;17.032
463;16.445999999999998
464;14.002
465;13.683
466;16.958000000000002
467;16.309
468;14.308
469;20.494
470;14.584
471;13.476
472;21.375999999999998
473;18.803
474;19.05
475;17.883
476;18.326999999999998
477;22.953999999999997
478;21.162
479;21.475
480;14.574
481;21.727
482;20.819
483;19.634999999999998
484;14.236
485;22.831
486;22.511
487;19.869999999999997
488;16.879
489;22.326999999999998
490;19.579
491;23.016
492;14.69
493;19.276
494;18.965
495;22.264
496;16.651
497;14.08
498;15.454
499;26.207
500;19.686
501;17.494
502;16.91
503;22.252000000000002
504;22.362
505;15.241
506;22.484
507;21.049
508;15.718
509;23.958
510;23.101
511;32.756
512;21.09
513;19.609
514;25.819000000000003
515;16.543
516;24.189
517;22.152
518;140.33499999999998
519;15.396
520;24.715
521;32.054
522;22.013
523;16.82
524;18.876
525;22.125
526;21.095
527;20.583000000000002
528;33.938
529;31.951
530;16.005
531;22.253999999999998
532;17.895999999999997
533;16.059
534;18.661
535;21.017999999999997
536;24.099
537;28.673000000000002
538;15.65
539;21.427000000000003
540;19.324
541;16.182
542;21.72
543;22.169999999999998
544;17.741
545;25.49
546;19.376
547;26.871
548;24.895
549;22.453
550;23.167
551;16.342
552;18.526
553;17.967
554;20.382
555;23.519000000000002
556;19.854
557;25.512
558;21.284000000000002
559;23.573
560;22.566
561;21.177999999999997
562;20.561
563;18.651999999999997
564;23.469
565;21.079
566;23.163
567;23.074
568;24.535999999999998
569;24.372
570;26.976
571;29.047
572;18.574
573;19.358
574;23.319
575;22.53
576;19.359
577;20.056
578;23.614
579;23.453000000000003
580;20.178
581;25.668
582;24.504
583;22.253999999999998
584;25.532
585;24.479999999999997
586;20.276
587;27.039
588;27.025000000000002
589;21.227
590;25.503
591;27.803
592;26.003
593;25.076999999999998
594;22.101
595;24.347
596;22.971999999999998
597;25.965
598;26.532
599;17.916
600;18.28
601;23.459
602;21.713
603;21.027
604;21.769000000000002
605;27.104
606;25.29
607;19.987000000000002
608;30.177
609;25.52
610;22.308999999999997
611;26.537000000000003
612;21.831
613;26.662000000000003
614;22.043
615;26.801
616;23.738
617;25.275
618;28.048
619;28.808
620;22.679000000000002
621;22.08
622;30.93
623;23.369999999999997
624;21.703
625;25.013
626;19.507
627;21.338
628;22.123
629;25.837
630;19.754
631;26.963
632;28.319
633;28.422
634;29.05
635;23.730999999999998
636;25.692
637;28.621000000000002
638;24.212
639;24.967
640;26.214000000000002
641;24.815
642;25.159999999999997
643;29.262
644;32.03
645;23.303
646;23.811
647;29.3
648;23.694
649;28.23
650;27.137
651;20.532
652;29.707
653;21.773
654;23.779999999999998
655;24.660999999999998
656;34.309
657;28.813
658;22.193
659;24.328
660;30.412000000000003
661;21.892
662;41.105999999999995
663;31.326
664;28.743000000000002
665;32.252
666;25.377
667;25.055
668;34.848
669;24.848
670;31.551999999999996
671;26.288
672;25.465
673;22.249000000000002
674;32.730000000000004
675;30.977999999999998
676;33.64
677;23.560000000000002
678;29.191000000000003
679;28.204
680;36.75
681;22.962
682;31.008
683;27.086
684;29.475
685;33.614
686;30.880000000000003
687;25.377
688;27.705000000000002
689;23.314
690;24.902
691;26.133
692;33.701
693;25.808
694;24.793
695;24.892
696;28.126
697;33.675999999999995
698;34.068
699;24.828
700;24.637
701;27.699
702;30.344
703;28.272
704;35.602000000000004
705;45.996
706;29.267000000000003
707;25.823999999999998
708;30.64
709;35.955
710;26.117
711;27.439
712;30.413
713;25.038
714;29.296
715;26.197000000000003
716;26.688
717;30.936999999999998
718;28.399
719;28.102999999999998
720;29.786
721;27.961
722;29.102
723;31.151999999999997
724;30.051000000000002
725;33.561
726;23.022000000000002
727;30.092000000000002
728;26.419
729;25.536
730;26.981
731;27.397000000000002
732;31.655999999999995
733;29.749000000000002
734;31.854
735;26.212
736;32.571999999999996
737;33.841
738;31.592000000000002
739;30.464000000000002
740;27.427
741;34.808
742;24.839
743;29.089
744;32.434999999999995
745;35.757999999999996
746;33.793
747;34.664
748;26.262
749;33.998
750;31.503000000000004
751;37.165
752;32.649
753;27.273
754;29.654
755;33.542
756;27.063
757;28.993000000000002
758;26.421
759;30.846999999999998
760;26.388
761;27.519
762;26.715
763;23.562
764;36.562999999999995
765;32.727
766;24.595
767;26.894000000000002
768;27.091
769;33.956
770;25.267000000000003
771;34.55
772;36.516
773;36.852999999999994
774;30.159
775;33.49
776;22.997
777;39.650999999999996
778;37.193
779;30.175
780;40.19
781;38.611
782;34.446
783;26.141000000000002
784;28.99
785;33.433
786;31.668000000000003
787;40.673
788;35.952999999999996
789;34.922000000000004
790;34.185
791;36.221999999999994
792;30.461
793;32.913
794;33.332
795;28.041
796;31.819
797;35.423
798;37.045
799;27.043999999999997
800;26.737000000000002
801;31.279
802;28.619
803;32.51
804;33.888
805;30.668
806;41.922000000000004
807;25.708000000000002
808;35.055
809;36.269000000000005
810;26.751
811;30.603
812;33.209
813;30.332
814;29.523
815;30.683
816;29.491
817;27.907
818;32.539
819;34.050999999999995
820;32.096
821;28.802999999999997
822;35.022
823;37.552
824;34.109
825;32.132
826;35.319
827;34.730999999999995
828;30.28
829;34.308
830;26.651
831;26.418
832;33.813
833;34.704
834;28.097
835;27.907
836;40.059
837;34.656
838;61.428999999999995
839;33.472
840;27.636999999999997
841;42.446
842;42.021
843;53.656
844;31.668000000000003
845;45.318999999999996
846;47.529
847;44.576
848;119.087
849;41.347
850;32.053
851;28.549000000000003
852;38.486
853;29.91
854;31.406000000000002
855;39.512
856;45.657999999999994
857;33.966
858;35.905
859;38.111
860;38.263
861;32.848
862;26.941
863;27.675
864;32.682
865;34.303
866;40.148
867;37.043
868;39.595
869;46.329
870;48.87
871;30.363
872;33.181000000000004
873;29.012
874;30.038
875;41.323
876;34.832
877;34.546
878;39.641999999999996
879;36.539
880;35.927
881;37.795
882;34.949
883;38.947
884;33.006
885;35.998000000000005
886;41.736000000000004
887;29.399
888;30.844
889;33.708
890;33.440999999999995
891;33.003
892;37.613
893;40.787
894;39.588
895;27.186999999999998
896;34.214
897;33.693
898;41.43
899;39.17
900;45.845
901;34.413
902;34.994
903;40.192
904;41.885
905;34.631
906;39.835
907;33.958000000000006
908;38.894
909;39.989
910;38.537
911;49.4
912;39.635999999999996
913;38.417
914;37.607
915;34.651
916;35.282000000000004
917;31.111
918;38.312
919;86.49
920;35.283
921;36.027
922;31.191
923;42.09
924;34.071999999999996
925;40.385
926;33.614
927;34.29
928;30.838
929;36.155
930;36.47
931;58.875
932;41.059
933;61.604
934;35.286
935;33.334999999999994
936;37.693999999999996
937;40.618
938;41.219
939;40.486000000000004
940;30.185
941;41.781
942;58.751
943;28.965
944;42.124
945;45.436
946;42.024
947;44.373999999999995
948;36.663000000000004
949;44.127
950;35.475
951;61.589999999999996
952;47.041
953;34.342
954;34.196999999999996
955;45.798
956;38.051
957;31.747999999999998
958;42.056999999999995
959;42.17400000000001
960;45.703
961;36.101
962;42.198
963;47.726
964;36.513
965;35.155
966;38.568
967;35.547000000000004
968;40.637
969;49.95
970;36.576
971;37.664
972;47.792
973;48.881
974;48.629
975;29.901
976;42.111999999999995
977;46.748
978;63.99199999999999
979;284.68
980;42.649
981;45.271
982;43.608000000000004
983;46.316
984;42.794
985;49.507000000000005
986;40.391999999999996
987;44.033
988;38.472
989;39.201
990;30.953000000000003
991;44.656
992;48.065999999999995
993;44.454
994;46.134
995;39.682
996;46.527
997;40.224999999999994
998;42.923
999;36.63

